{
    "train_loss": [
        1.4097602995002971,
        0.5558268767945906,
        0.2886906260076691,
        0.17448963086832972,
        0.10627872379606261,
        0.07489554522668614,
        0.06182989198440576,
        0.03434836218708798,
        0.03101349927704124,
        0.02499614762251868,
        0.019950377235106904,
        0.0257164769086932,
        0.015508759054629243,
        0.01934595370446058,
        0.01677308041424326,
        0.01509009020656402,
        0.012942747956634883,
        0.01336375822121387,
        0.014165798588039572,
        0.013833070527214338,
        0.012936094894950442,
        0.0104709963523098,
        0.012164394285612027,
        0.009712672483189688,
        0.012682902439059143,
        0.009779734765384894,
        0.009366627677809446,
        0.009301837405655534,
        0.01211323018754175,
        0.009566681391408887
    ],
    "train_acc": [
        58.73045078196872,
        84.2134314627415,
        91.64673413063477,
        95.06899724011039,
        97.09291628334867,
        97.99448022079117,
        98.27046918123276,
        99.22723091076357,
        99.37442502299908,
        99.52161913523459,
        99.46642134314628,
        99.31922723091077,
        99.81600735970561,
        99.63201471941122,
        99.63201471941122,
        99.70561177552898,
        99.79760809567617,
        99.79760809567617,
        99.65041398344066,
        99.6688132474701,
        99.7608095676173,
        99.87120515179393,
        99.79760809567617,
        99.81600735970561,
        99.74241030358786,
        99.85280588776449,
        99.88960441582337,
        99.87120515179393,
        99.79760809567617,
        99.87120515179393
    ],
    "val_loss": [
        1.0728664421118224,
        0.820496208141916,
        0.7664565702300303,
        0.7847700646559063,
        0.8486417270950579,
        0.8087696189804074,
        0.9262489884023615,
        0.926582257336122,
        0.9682742660941306,
        0.9479267339556827,
        1.0237695519591887,
        0.9357934253358298,
        0.9382586331837677,
        0.9814793816828499,
        1.0247859525808543,
        0.9461188531380545,
        1.0106878290238315,
        0.9849685646139243,
        1.004687694849788,
        1.0427437652437779,
        1.0411939700523083,
        1.0277694101124115,
        1.0146990885591198,
        1.0562352133469735,
        1.0145238490385964,
        0.9833544699487482,
        1.093604354195402,
        1.0077005369184917,
        0.9992124542818951,
        1.0192957470968536
    ],
    "val_acc": [
        68.55231143552311,
        74.14841849148418,
        76.64233576642336,
        76.64233576642336,
        77.98053527980535,
        78.16301703163018,
        76.58150851581509,
        76.39902676399026,
        76.82481751824818,
        77.4330900243309,
        76.21654501216545,
        77.55474452554745,
        78.22384428223845,
        76.70316301703163,
        77.49391727493918,
        77.67639902676399,
        77.55474452554745,
        77.61557177615572,
        78.10218978102189,
        77.31143552311435,
        77.00729927007299,
        76.94647201946472,
        78.04136253041362,
        77.12895377128953,
        77.49391727493918,
        77.37226277372262,
        76.39902676399026,
        77.25060827250608,
        78.16301703163018,
        77.37226277372262
    ]
}