{
    "train_loss": [
        1.922487283454222,
        1.5049908112077153,
        1.3025600917199078,
        1.1773523954784169,
        1.1095561690190259,
        1.0070339374682482,
        0.9461951378513785,
        0.9170117567567264,
        0.8724573808557847,
        0.8372359281077104,
        0.8126749510274214,
        0.8032368495183833,
        0.7717817141729243,
        0.7689617968657437,
        0.7541230950285407,
        0.7231319106676999,
        0.7152053556021523,
        0.6989342282800114,
        0.6888685957473867,
        0.6639009195215562,
        0.6954490950878929,
        0.6555372630848604,
        0.6497176438570023,
        0.6354163211934707,
        0.6289857206975713,
        0.6354188415934058,
        0.6198316844070659,
        0.6221982130232979,
        0.6209056447534,
        0.6120275201166377,
        0.606341286441859,
        0.6139014864669127,
        0.6074989879832549,
        0.6188891155754819,
        0.595287229383693,
        0.6077704371774898,
        0.5997457034447614,
        0.6130082212826785,
        0.6066568385152256,
        0.6047747569925644,
        0.6007671300102683,
        0.6076742375598234,
        0.5946298427441541,
        0.598707089529318,
        0.6123035062761868,
        0.6076364769655116,
        0.589346441451241,
        0.6107790989034316,
        0.5998052013270995,
        0.6124660751398872
    ],
    "train_acc": [
        28.64765409383625,
        43.44066237350506,
        51.70193192272309,
        57.35050597976081,
        60.51517939282429,
        65.15179392824287,
        67.35970561177552,
        68.721251149954,
        70.43238270469182,
        71.95952161913523,
        73.836246550138,
        73.90984360625575,
        75.06899724011039,
        75.49218031278748,
        75.95216191352345,
        77.12971481140754,
        77.81048758049678,
        78.14167433302669,
        78.3440662373505,
        78.54645814167434,
        78.03127874885004,
        79.44802207911684,
        79.39282428702852,
        80.55197792088316,
        80.77276908923643,
        79.7608095676173,
        80.9015639374425,
        79.96320147194112,
        80.49678012879485,
        81.30634774609015,
        81.49034038638455,
        80.6623735050598,
        81.69273229070838,
        81.17755289788408,
        81.803127874885,
        81.41674333026678,
        82.15271389144434,
        81.15915363385464,
        81.5639374425023,
        81.45354185832566,
        81.0855565777369,
        81.803127874885,
        81.43514259429622,
        81.83992640294389,
        81.0855565777369,
        81.803127874885,
        81.69273229070838,
        81.4719411223551,
        81.96872125114996,
        80.99356025758969
    ],
    "val_loss": [
        1.7367388090262046,
        2.014175554880729,
        1.9739388422324107,
        1.8091710358858109,
        2.4497272120072293,
        1.7704741994921978,
        2.6031536270792666,
        1.7467855788194215,
        1.7498881040284266,
        1.8576321919950156,
        1.5615453542425082,
        1.686365027123919,
        1.7585740788624837,
        1.7955108048537602,
        1.589638428046153,
        1.4760118797421455,
        1.49490309965152,
        1.4353370821246734,
        1.4682623241096735,
        1.4555539917200804,
        1.7205941195671375,
        1.743464797305373,
        1.4460623712780385,
        1.4682499111558382,
        1.631090455616896,
        1.4730405010856116,
        1.44536576878566,
        1.4688255385710642,
        1.4468657734015813,
        1.453931441817146,
        1.4486489781680016,
        1.4812735544804196,
        1.4545588660985231,
        1.442570274695754,
        1.4723882988954966,
        1.453177640357843,
        1.4483462083511627,
        1.4565111430218587,
        1.4525495046176589,
        1.479775408999278,
        1.4483487072329109,
        1.4295518265034144,
        1.4660370573401451,
        1.4523328161583497,
        1.4442719474721413,
        1.4601439683196635,
        1.459295282426935,
        1.4557421184503114,
        1.4606211201932568,
        1.450880515245864
    ],
    "val_acc": [
        39.5985401459854,
        36.92214111922141,
        45.55961070559611,
        48.35766423357664,
        37.10462287104623,
        47.627737226277375,
        39.96350364963504,
        49.63503649635037,
        53.16301703163017,
        51.52068126520681,
        58.819951338199516,
        56.99513381995134,
        51.64233576642336,
        58.57664233576642,
        55.47445255474452,
        62.71289537712895,
        59.18491484184915,
        62.8345498783455,
        62.043795620437955,
        63.929440389294406,
        59.48905109489051,
        57.11678832116788,
        64.5985401459854,
        61.435523114355234,
        59.54987834549878,
        64.35523114355232,
        64.05109489051095,
        64.41605839416059,
        63.68613138686131,
        64.47688564476886,
        64.11192214111922,
        64.41605839416059,
        64.53771289537713,
        64.78102189781022,
        64.29440389294403,
        64.65936739659368,
        64.41605839416059,
        64.17274939172749,
        64.90267639902676,
        64.05109489051095,
        65.20681265206812,
        64.5985401459854,
        64.17274939172749,
        64.84184914841849,
        65.02433090024331,
        64.35523114355232,
        64.29440389294403,
        64.90267639902676,
        64.53771289537713,
        64.78102189781022
    ]
}