{
    "train_loss": [
        1.637896713439156,
        1.1444782425375546,
        0.8954694788245594,
        0.7640262903536067,
        0.6668375946143095,
        0.5338655016878072,
        0.48302636988022746,
        0.33835421300986235,
        0.28951903982635807,
        0.2540576075148933,
        0.2468095565269537,
        0.2193494027151781,
        0.22277866536203553,
        0.17662162640515497,
        0.18834420529413312,
        0.1208031527341946,
        0.09687895178247025,
        0.08908512783784639,
        0.07619278433677905,
        0.05899676466634607,
        0.0557262861964238,
        0.045969942503827896,
        0.04494169260964126,
        0.047237270511002,
        0.03677994981134201,
        0.026072313618394273,
        0.025205369686762638,
        0.026240678784875748,
        0.023415483268635236,
        0.022006390450919486
    ],
    "train_acc": [
        38.399264029438825,
        56.85372585096596,
        66.95492180312787,
        73.90984360625575,
        77.79208831646734,
        82.61269549218031,
        84.5998160073597,
        89.10763569457222,
        90.59797608095676,
        91.97792088316467,
        91.97792088316467,
        93.00827966881324,
        93.22907083716652,
        94.44342226310948,
        94.09383624655014,
        96.0625574977001,
        97.05611775528979,
        97.14811407543698,
        97.93928242870285,
        98.25206991720331,
        98.16007359705611,
        98.63845446182152,
        98.63845446182152,
        98.47286108555657,
        98.80404783808648,
        99.30082796688133,
        99.28242870285189,
        99.3376264949402,
        99.22723091076357,
        99.3376264949402
    ],
    "val_loss": [
        2.609899322573955,
        2.1193396136737785,
        1.6248112114576192,
        1.7695447331509337,
        1.8771403026050673,
        1.7552517836626906,
        2.0913523962506306,
        1.6370760788044068,
        1.6543920705130755,
        1.578087130422668,
        1.2985212600234752,
        3.5848360134024495,
        1.4819436070795815,
        2.6953230910988237,
        2.633604696083169,
        1.619051423864081,
        1.71595744775487,
        1.742564316629656,
        1.6581200858146565,
        1.6009403162662728,
        1.5640183590046797,
        1.747485692317311,
        1.6698902674154221,
        1.5821538026753283,
        1.5774576688013089,
        1.7502256731823378,
        1.754563874144476,
        1.7104203815469576,
        1.7259902769277198,
        1.687953304061431
    ],
    "val_acc": [
        34.00243309002433,
        36.982968369829685,
        52.49391727493917,
        50.304136253041364,
        53.89294403892944,
        58.21167883211679,
        55.5352798053528,
        64.11192214111922,
        65.57177615571776,
        64.47688564476886,
        74.7566909975669,
        55.961070559610704,
        66.18004866180048,
        59.54987834549878,
        56.26520681265207,
        72.62773722627738,
        71.77615571776155,
        72.26277372262774,
        72.99270072992701,
        72.93187347931874,
        74.51338199513383,
        72.74939172749392,
        75.669099756691,
        74.14841849148418,
        74.51338199513383,
        74.93917274939173,
        73.84428223844282,
        74.39172749391727,
        73.41849148418491,
        74.5742092457421
    ]
}