{
    "train_loss": [
        1.9446152350481818,
        1.7582667294670553,
        1.6374527896151823,
        1.55311040317311,
        1.5090167199864106,
        1.4063818325014676,
        1.3800414166029762,
        1.3338063569629894,
        1.2911889286602245,
        1.3544188467895284,
        1.1990802298573886,
        1.156591284275055,
        1.1456022763953488,
        1.243371972616981,
        1.072554463148117,
        1.000342217613669,
        1.0468283102792852,
        0.9375620270476622,
        0.8344183241619784,
        0.7761413537404116,
        0.8110713324126075,
        0.7714213304659899,
        0.7304181545972824,
        0.7156927840674625,
        0.6564793479793212,
        0.6342283645096947,
        0.6225788354873657,
        0.6041900056249955,
        0.5850633584401187,
        0.5705257689251619
    ],
    "train_acc": [
        26.12695492180313,
        32.29070837166513,
        38.104875804967804,
        42.02391904323827,
        43.77184912603496,
        48.27966881324747,
        49.7148114075437,
        51.42594296228151,
        54.18583256669733,
        50.92916283348666,
        56.57773689052438,
        58.932842686292545,
        59.6688132474701,
        55.19779208831647,
        60.772769089236434,
        63.47746090156394,
        62.2263109475621,
        65.409383624655,
        70.11959521619136,
        72.62189512419504,
        70.45078196872124,
        72.34590616375345,
        74.13063477460902,
        74.53541858325667,
        76.17295308187673,
        77.57129714811407,
        77.38730450781969,
        78.06807727690892,
        78.54645814167434,
        79.3376264949402
    ],
    "val_loss": [
        1.8600401843969638,
        1.8284012709672635,
        1.735849249534882,
        1.7219256300192614,
        1.705213007158958,
        1.6925990893863714,
        1.6622324471290295,
        1.7176475244072766,
        1.8311323351584947,
        1.594037620493999,
        1.6547920792721784,
        1.6540012578838146,
        1.68978640379814,
        1.6847184839156957,
        1.7068275052767534,
        1.826658289306439,
        1.628847323358059,
        1.7312128134071827,
        1.5398912717803166,
        1.7119112034829764,
        1.6287658598560553,
        1.7239759048590293,
        1.657128687374867,
        1.6926617140953357,
        1.666213329594869,
        1.795169812698777,
        1.7107580673809235,
        1.7156423648389487,
        1.6944962616723318,
        1.7903743787453725
    ],
    "val_acc": [
        32.54257907542579,
        32.60340632603406,
        39.72019464720194,
        34.7323600973236,
        38.442822384428226,
        41.3625304136253,
        42.94403892944039,
        40.2676399026764,
        39.72019464720194,
        46.95863746958638,
        46.289537712895374,
        44.22141119221411,
        43.97810218978102,
        41.84914841849148,
        44.22141119221411,
        37.28710462287105,
        49.209245742092456,
        48.114355231143556,
        51.763990267639905,
        49.51338199513382,
        48.661800486618006,
        48.78345498783455,
        51.338199513381994,
        50.97323600973236,
        50.851581508515814,
        48.90510948905109,
        51.70316301703163,
        50.36496350364963,
        51.09489051094891,
        49.45255474452555
    ]
}