{
    "train_loss": [
        1.6867326101836035,
        0.8660451049313825,
        0.5689147454850814,
        0.41765381395816803,
        0.32883720069247135,
        0.2733263247153338,
        0.21245196446338122,
        0.19411662669085405,
        0.167753592549878
    ],
    "train_acc": [
        40.55197792088317,
        70.45078196872124,
        80.97516099356025,
        85.94296228150874,
        89.07083716651334,
        90.85556577736891,
        92.73229070837166,
        93.24747010119596,
        94.6458141674333
    ],
    "val_loss": [
        1.27955962316348,
        0.9665552403491277,
        0.9004419021881543,
        0.8102119242450079,
        0.8634709770289751,
        0.8525806876938217,
        0.9502728358627512,
        0.9610442033825586,
        1.0346820148137899
    ],
    "val_acc": [
        56.6301703163017,
        70.74209245742092,
        72.87104622871047,
        76.64233576642336,
        76.64233576642336,
        76.70316301703163,
        75.60827250608273,
        77.06812652068126,
        76.39902676399026
    ]
}